w_final,activity,frequency
0.0175852518645143,stim,2
-0.03960547717086876,stim,2
0.0001776891477740913,stim,2
-0.01921043922597056,stim,2
-0.02295870322652866,stim,2
0.02505052301884249,stim,2
0.031302819447848074,stim,2
0.010142992956832455,stim,2
0.02346283259446316,stim,2
0.00368475997160644,stim,2
-0.010272638431178214,stim,2
-0.03390331767207274,stim,2
-0.0006792022400112022,stim,2
-0.0042678715814736465,stim,2
-0.02602001254038775,stim,2
-0.013301464608731467,stim,2
0.0027379763839726267,stim,2
-0.04926408749298488,stim,2
-0.03382137270943602,stim,2
-0.04296388028732156,stim,2
0.0,Unstim,2
0.0,Unstim,2
0.0,Unstim,2
0.0,Unstim,2
0.0,Unstim,2
0.0,Unstim,2
0.0,Unstim,2
0.0,Unstim,2
0.0,Unstim,2
0.0,Unstim,2
0.0,Unstim,2
0.0,Unstim,2
0.0,Unstim,2
0.0,Unstim,2
0.0,Unstim,2
0.0,Unstim,2
0.0,Unstim,2
0.0,Unstim,2
0.0,Unstim,2
0.0,Unstim,2
0.0,Unstim_far,2
0.0,Unstim_far,2
0.0,Unstim_far,2
0.0,Unstim_far,2
0.0,Unstim_far,2
0.0,Unstim_far,2
0.0,Unstim_far,2
0.0,Unstim_far,2
0.0,Unstim_far,2
0.0,Unstim_far,2
0.0,Unstim_far,2
0.0,Unstim_far,2
0.0,Unstim_far,2
0.0,Unstim_far,2
0.0,Unstim_far,2
0.0,Unstim_far,2
0.0,Unstim_far,2
0.0,Unstim_far,2
0.0,Unstim_far,2
0.0,Unstim_far,2
