w_final,activity,frequency
-0.019253273514847107,stim,100
-0.026795872038685338,stim,100
-0.026633559828942832,stim,100
-0.03471034643533675,stim,100
-0.02720353597815817,stim,100
-0.018659094969834724,stim,100
-0.038506993779746666,stim,100
-0.03466297845920618,stim,100
-0.03773420587375773,stim,100
-0.020148342228746386,stim,100
-0.03134103928640582,stim,100
-0.030883186803360385,stim,100
-0.026314709965601084,stim,100
-0.047180186621825604,stim,100
-0.016469830738518345,stim,100
-0.01691473565832515,stim,100
-0.037684969889653516,stim,100
-0.03773552648394892,stim,100
-0.03084503154390923,stim,100
-0.04402023106190709,stim,100
0.0,Unstim,100
0.0,Unstim,100
0.0,Unstim,100
0.0,Unstim,100
0.0,Unstim,100
0.0,Unstim,100
0.0,Unstim,100
0.0,Unstim,100
0.0,Unstim,100
0.0,Unstim,100
0.0,Unstim,100
0.0,Unstim,100
0.0,Unstim,100
0.0,Unstim,100
0.0,Unstim,100
0.0,Unstim,100
0.0,Unstim,100
0.0,Unstim,100
0.0,Unstim,100
0.0,Unstim,100
0.0,Unstim_far,100
0.0,Unstim_far,100
0.0,Unstim_far,100
0.0,Unstim_far,100
0.0,Unstim_far,100
0.0,Unstim_far,100
0.0,Unstim_far,100
0.0,Unstim_far,100
0.0,Unstim_far,100
0.0,Unstim_far,100
0.0,Unstim_far,100
0.0,Unstim_far,100
0.0,Unstim_far,100
0.0,Unstim_far,100
0.0,Unstim_far,100
0.0,Unstim_far,100
0.0,Unstim_far,100
0.0,Unstim_far,100
0.0,Unstim_far,100
0.0,Unstim_far,100
