w_final,activity,frequency
-0.014691571229489529,stim,2
-0.013039812008381117,stim,2
-0.03202810601618268,stim,2
-0.03904991562298853,stim,2
-0.019926124111329276,stim,2
-0.03532261148418807,stim,2
-0.035117755002770264,stim,2
-0.009948467234040954,stim,2
-0.008928613595339219,stim,2
-0.018344809878716225,stim,2
-0.021788042677724242,stim,2
-0.03662461369334202,stim,2
-0.02247055340369383,stim,2
-0.030644008359376525,stim,2
-0.033070475053387054,stim,2
-0.024638109339225587,stim,2
-0.026974974020900492,stim,2
-0.01577438498612426,stim,2
-0.026334639252526215,stim,2
-0.030023890788210106,stim,2
0.0,Unstim,2
0.0,Unstim,2
0.0,Unstim,2
0.0,Unstim,2
0.0,Unstim,2
0.0,Unstim,2
0.0,Unstim,2
0.0,Unstim,2
0.0,Unstim,2
0.0,Unstim,2
0.0,Unstim,2
0.0,Unstim,2
0.0,Unstim,2
0.0,Unstim,2
0.0,Unstim,2
0.0,Unstim,2
0.0,Unstim,2
0.0,Unstim,2
0.0,Unstim,2
0.0,Unstim,2
0.0,Unstim_far,2
0.0,Unstim_far,2
0.0,Unstim_far,2
0.0,Unstim_far,2
0.0,Unstim_far,2
0.0,Unstim_far,2
0.0,Unstim_far,2
0.0,Unstim_far,2
0.0,Unstim_far,2
0.0,Unstim_far,2
0.0,Unstim_far,2
0.0,Unstim_far,2
0.0,Unstim_far,2
0.0,Unstim_far,2
0.0,Unstim_far,2
0.0,Unstim_far,2
0.0,Unstim_far,2
0.0,Unstim_far,2
0.0,Unstim_far,2
0.0,Unstim_far,2
