w_final,activity,frequency
0.030665326206102676,stim,2
0.03878554652810635,stim,2
0.0687818820045025,stim,2
0.01440056978868098,stim,2
0.022870951927661056,stim,2
0.03806111401383012,stim,2
-0.019983775722628216,stim,2
0.027013263739244033,stim,2
-0.009863866290429204,stim,2
0.0036792760730011104,stim,2
0.0048454636328000445,stim,2
0.05167621334936296,stim,2
-0.0010984026021684642,stim,2
-0.021603307228348405,stim,2
-0.014334553944611306,stim,2
0.025646415816119865,stim,2
-0.021831439499827503,stim,2
-0.017719092312567436,stim,2
0.02338018952871926,stim,2
-0.008070944086771531,stim,2
0.0,Unstim,2
0.0,Unstim,2
0.0,Unstim,2
0.0,Unstim,2
0.0,Unstim,2
0.0,Unstim,2
0.0,Unstim,2
0.0,Unstim,2
0.0,Unstim,2
0.0,Unstim,2
0.0,Unstim,2
0.0,Unstim,2
0.0,Unstim,2
0.0,Unstim,2
0.0,Unstim,2
0.0,Unstim,2
0.0,Unstim,2
0.0,Unstim,2
0.0,Unstim,2
0.0,Unstim,2
0.0,Unstim_far,2
0.0,Unstim_far,2
0.0,Unstim_far,2
0.0,Unstim_far,2
0.0,Unstim_far,2
0.0,Unstim_far,2
0.0,Unstim_far,2
0.0,Unstim_far,2
0.0,Unstim_far,2
0.0,Unstim_far,2
0.0,Unstim_far,2
0.0,Unstim_far,2
0.0,Unstim_far,2
0.0,Unstim_far,2
0.0,Unstim_far,2
0.0,Unstim_far,2
0.0,Unstim_far,2
0.0,Unstim_far,2
0.0,Unstim_far,2
0.0,Unstim_far,2
