w_final,activity,frequency
0.2842969902184134,stim,150
0.1271358530400901,stim,150
0.1658683860713707,stim,150
0.3571560509301288,stim,150
0.22335145022653066,stim,150
0.2482778174999483,stim,150
0.20814378018315768,stim,150
0.07879930396409669,stim,150
0.2705154949691807,stim,150
0.27969560451763975,stim,150
0.18109671304214622,stim,150
0.2838683624692205,stim,150
0.2389569946535031,stim,150
0.18210968585773127,stim,150
0.2900677843043303,stim,150
0.07180802397464944,stim,150
0.18825316293318403,stim,150
0.18142588070919213,stim,150
0.2789748610016068,stim,150
0.1451406172739191,stim,150
0.0,Unstim,150
0.0,Unstim,150
0.0,Unstim,150
0.0,Unstim,150
0.0,Unstim,150
0.0,Unstim,150
0.0,Unstim,150
0.0,Unstim,150
0.0,Unstim,150
0.0,Unstim,150
0.0,Unstim,150
0.0,Unstim,150
0.0,Unstim,150
0.0,Unstim,150
0.0,Unstim,150
0.0,Unstim,150
0.0,Unstim,150
0.0,Unstim,150
0.0,Unstim,150
0.0,Unstim,150
0.0,Unstim_far,150
0.0,Unstim_far,150
0.0,Unstim_far,150
0.0,Unstim_far,150
0.0,Unstim_far,150
0.0,Unstim_far,150
0.0,Unstim_far,150
0.0,Unstim_far,150
0.0,Unstim_far,150
0.0,Unstim_far,150
0.0,Unstim_far,150
0.0,Unstim_far,150
0.0,Unstim_far,150
0.0,Unstim_far,150
0.0,Unstim_far,150
0.0,Unstim_far,150
0.0,Unstim_far,150
0.0,Unstim_far,150
0.0,Unstim_far,150
0.0,Unstim_far,150
