w_final,activity,frequency
-0.021735501622294064,stim,2
-0.023228775587330962,stim,2
0.0028674699158258194,stim,2
-0.00840045644593927,stim,2
-0.041255049035756886,stim,2
-0.04150663930887311,stim,2
-0.0451863490361722,stim,2
-0.06446722528532979,stim,2
-0.04482266448738353,stim,2
-0.04566006691881654,stim,2
-0.06453489926856469,stim,2
-0.04483233219927423,stim,2
-0.045661448020515215,stim,2
-0.06453509656880736,stim,2
-0.04483236038502318,stim,2
-0.045661452047050785,stim,2
-0.06453509714402673,stim,2
-0.04483236046719737,stim,2
-0.04566145205878996,stim,2
-0.06453509714570375,stim,2
0.0,Unstim,2
0.0,Unstim,2
0.0,Unstim,2
0.0,Unstim,2
0.0,Unstim,2
0.0,Unstim,2
0.0,Unstim,2
0.0,Unstim,2
0.0,Unstim,2
0.0,Unstim,2
0.0,Unstim,2
0.0,Unstim,2
0.0,Unstim,2
0.0,Unstim,2
0.0,Unstim,2
0.0,Unstim,2
0.0,Unstim,2
0.0,Unstim,2
0.0,Unstim,2
0.0,Unstim,2
0.0,Unstim_far,2
0.0,Unstim_far,2
0.0,Unstim_far,2
0.0,Unstim_far,2
0.0,Unstim_far,2
0.0,Unstim_far,2
0.0,Unstim_far,2
0.0,Unstim_far,2
0.0,Unstim_far,2
0.0,Unstim_far,2
0.0,Unstim_far,2
0.0,Unstim_far,2
0.0,Unstim_far,2
0.0,Unstim_far,2
0.0,Unstim_far,2
0.0,Unstim_far,2
0.0,Unstim_far,2
0.0,Unstim_far,2
0.0,Unstim_far,2
0.0,Unstim_far,2
