w_final,activity,frequency
-0.004935361820691494,stim,2
-0.01085448882628318,stim,2
-0.008365807163073039,stim,2
-0.009594371315296609,stim,2
-0.02065857625536786,stim,2
-0.024819094035265856,stim,2
-0.010570354231778342,stim,2
-0.03170222013431338,stim,2
-0.024062939195604142,stim,2
-0.022799168408033706,stim,2
-0.04171811620419522,stim,2
-0.023915847428369653,stim,2
-0.038386980773108016,stim,2
-0.020643335414411153,stim,2
-0.04212812796416899,stim,2
-0.03220875104059584,stim,2
-0.004221346937614342,stim,2
-0.030193674387646894,stim,2
-0.01992066988324117,stim,2
-0.013346136058671382,stim,2
0.0,Unstim,2
0.0,Unstim,2
0.0,Unstim,2
0.0,Unstim,2
0.0,Unstim,2
0.0,Unstim,2
0.0,Unstim,2
0.0,Unstim,2
0.0,Unstim,2
0.0,Unstim,2
0.0,Unstim,2
0.0,Unstim,2
0.0,Unstim,2
0.0,Unstim,2
0.0,Unstim,2
0.0,Unstim,2
0.0,Unstim,2
0.0,Unstim,2
0.0,Unstim,2
0.0,Unstim,2
0.0,Unstim_far,2
0.0,Unstim_far,2
0.0,Unstim_far,2
0.0,Unstim_far,2
0.0,Unstim_far,2
0.0,Unstim_far,2
0.0,Unstim_far,2
0.0,Unstim_far,2
0.0,Unstim_far,2
0.0,Unstim_far,2
0.0,Unstim_far,2
0.0,Unstim_far,2
0.0,Unstim_far,2
0.0,Unstim_far,2
0.0,Unstim_far,2
0.0,Unstim_far,2
0.0,Unstim_far,2
0.0,Unstim_far,2
0.0,Unstim_far,2
0.0,Unstim_far,2
