w_final,activity,frequency
0.2143214533323608,stim,100
0.26491429471362726,stim,100
0.18517288024432507,stim,100
0.33354322580734025,stim,100
0.24185791108795923,stim,100
0.0955348734845241,stim,100
0.18122591410899677,stim,100
0.11323480690810385,stim,100
0.1571300399126395,stim,100
0.14296092258630005,stim,100
0.3079609617934559,stim,100
0.13170820292535604,stim,100
0.2657798563071355,stim,100
0.3051702955918009,stim,100
0.1846821029514451,stim,100
0.20758619366273026,stim,100
0.17724127793904776,stim,100
0.2798183066234839,stim,100
0.160568010823989,stim,100
0.24418889090326434,stim,100
0.0,Unstim,100
0.0,Unstim,100
0.0,Unstim,100
0.0,Unstim,100
0.0,Unstim,100
0.0,Unstim,100
0.0,Unstim,100
0.0,Unstim,100
0.0,Unstim,100
0.0,Unstim,100
0.0,Unstim,100
0.0,Unstim,100
0.0,Unstim,100
0.0,Unstim,100
0.0,Unstim,100
0.0,Unstim,100
0.0,Unstim,100
0.0,Unstim,100
0.0,Unstim,100
0.0,Unstim,100
0.0,Unstim_far,100
0.0,Unstim_far,100
0.0,Unstim_far,100
0.0,Unstim_far,100
0.0,Unstim_far,100
0.0,Unstim_far,100
0.0,Unstim_far,100
0.0,Unstim_far,100
0.0,Unstim_far,100
0.0,Unstim_far,100
0.0,Unstim_far,100
0.0,Unstim_far,100
0.0,Unstim_far,100
0.0,Unstim_far,100
0.0,Unstim_far,100
0.0,Unstim_far,100
0.0,Unstim_far,100
0.0,Unstim_far,100
0.0,Unstim_far,100
0.0,Unstim_far,100
