w_final,activity,frequency
0.01754302324199906,stim,2
0.11101464171752903,stim,2
0.12427337487327716,stim,2
0.06194092400701739,stim,2
0.11719136492301195,stim,2
0.16095384763346626,stim,2
0.042235189799867796,stim,2
0.10196720972713484,stim,2
0.17300014960057464,stim,2
0.06880905556004331,stim,2
0.11818853192597478,stim,2
0.0986427562204244,stim,2
0.11548123625752596,stim,2
0.11779650526404505,stim,2
0.15375783992892827,stim,2
0.15534458128612375,stim,2
0.09662774303825679,stim,2
0.04543119519594525,stim,2
0.029275754231539188,stim,2
0.10013330160919294,stim,2
0.0,Unstim,2
0.0,Unstim,2
0.0,Unstim,2
0.0,Unstim,2
0.0,Unstim,2
0.0,Unstim,2
0.0,Unstim,2
0.0,Unstim,2
0.0,Unstim,2
0.0,Unstim,2
0.0,Unstim,2
0.0,Unstim,2
0.0,Unstim,2
0.0,Unstim,2
0.0,Unstim,2
0.0,Unstim,2
0.0,Unstim,2
0.0,Unstim,2
0.0,Unstim,2
0.0,Unstim,2
0.0,Unstim_far,2
0.0,Unstim_far,2
0.0,Unstim_far,2
0.0,Unstim_far,2
0.0,Unstim_far,2
0.0,Unstim_far,2
0.0,Unstim_far,2
0.0,Unstim_far,2
0.0,Unstim_far,2
0.0,Unstim_far,2
0.0,Unstim_far,2
0.0,Unstim_far,2
0.0,Unstim_far,2
0.0,Unstim_far,2
0.0,Unstim_far,2
0.0,Unstim_far,2
0.0,Unstim_far,2
0.0,Unstim_far,2
0.0,Unstim_far,2
0.0,Unstim_far,2
