w_final,activity,frequency
-0.02524045548657052,stim,2
-0.04026793332587026,stim,2
-0.022043271401367755,stim,2
-0.03853529751991031,stim,2
-0.018355981148788898,stim,2
-0.045184071135770554,stim,2
-0.042704433025536837,stim,2
-0.02881732632779153,stim,2
-0.023447862109032585,stim,2
-0.030120622394441163,stim,2
-0.03706488653054542,stim,2
-0.011357704336237477,stim,2
-0.026848709331554924,stim,2
-0.018711615706855384,stim,2
-0.008344293453801827,stim,2
-0.02510502362493335,stim,2
-0.04633906451788365,stim,2
-0.0480888042646918,stim,2
-0.03540685794485201,stim,2
-0.02351348291180282,stim,2
0.0,Unstim,2
0.0,Unstim,2
0.0,Unstim,2
0.0,Unstim,2
0.0,Unstim,2
0.0,Unstim,2
0.0,Unstim,2
0.0,Unstim,2
0.0,Unstim,2
0.0,Unstim,2
0.0,Unstim,2
0.0,Unstim,2
0.0,Unstim,2
0.0,Unstim,2
0.0,Unstim,2
0.0,Unstim,2
0.0,Unstim,2
0.0,Unstim,2
0.0,Unstim,2
0.0,Unstim,2
0.0,Unstim_far,2
0.0,Unstim_far,2
0.0,Unstim_far,2
0.0,Unstim_far,2
0.0,Unstim_far,2
0.0,Unstim_far,2
0.0,Unstim_far,2
0.0,Unstim_far,2
0.0,Unstim_far,2
0.0,Unstim_far,2
0.0,Unstim_far,2
0.0,Unstim_far,2
0.0,Unstim_far,2
0.0,Unstim_far,2
0.0,Unstim_far,2
0.0,Unstim_far,2
0.0,Unstim_far,2
0.0,Unstim_far,2
0.0,Unstim_far,2
0.0,Unstim_far,2
