w_final,activity,frequency
0.08855923860906215,stim,2
0.014858187427196214,stim,2
0.10855149416546914,stim,2
0.023251118683345857,stim,2
0.0975591493453044,stim,2
0.11012196190083058,stim,2
0.013810615078309321,stim,2
0.011326409379170368,stim,2
0.13998866494307688,stim,2
0.0775781229518547,stim,2
0.020626484330574426,stim,2
0.009174879172406697,stim,2
0.108858208381362,stim,2
0.022463594583426633,stim,2
0.022775362354969315,stim,2
-0.03522696417549028,stim,2
0.08332839750764542,stim,2
-0.010678423656628019,stim,2
0.10580135587656314,stim,2
0.029145720379858183,stim,2
0.0,Unstim,2
0.0,Unstim,2
0.0,Unstim,2
0.0,Unstim,2
0.0,Unstim,2
0.0,Unstim,2
0.0,Unstim,2
0.0,Unstim,2
0.0,Unstim,2
0.0,Unstim,2
0.0,Unstim,2
0.0,Unstim,2
0.0,Unstim,2
0.0,Unstim,2
0.0,Unstim,2
0.0,Unstim,2
0.0,Unstim,2
0.0,Unstim,2
0.0,Unstim,2
0.0,Unstim,2
0.0,Unstim_far,2
0.0,Unstim_far,2
0.0,Unstim_far,2
0.0,Unstim_far,2
0.0,Unstim_far,2
0.0,Unstim_far,2
0.0,Unstim_far,2
0.0,Unstim_far,2
0.0,Unstim_far,2
0.0,Unstim_far,2
0.0,Unstim_far,2
0.0,Unstim_far,2
0.0,Unstim_far,2
0.0,Unstim_far,2
0.0,Unstim_far,2
0.0,Unstim_far,2
0.0,Unstim_far,2
0.0,Unstim_far,2
0.0,Unstim_far,2
0.0,Unstim_far,2
