w_final,activity,frequency
-0.022091127458491625,stim,2
0.007644564365817651,stim,2
0.008165897319282004,stim,2
-0.03368124777318694,stim,2
-0.01700121386736326,stim,2
-0.032800069630142044,stim,2
-0.060714386708415724,stim,2
-0.02086309085811023,stim,2
-0.033351766343105896,stim,2
-0.06079320052455341,stim,2
-0.02087434997470133,stim,2
-0.0333533747883332,stim,2
-0.06079343030244304,stim,2
-0.020874382800114135,stim,2
-0.03335337947767788,stim,2
-0.06079343097234942,stim,2
-0.02087438289581504,stim,2
-0.03335337949134944,stim,2
-0.060793430974302495,stim,2
-0.020874382896094057,stim,2
0.0,Unstim,2
0.0,Unstim,2
0.0,Unstim,2
0.0,Unstim,2
0.0,Unstim,2
0.0,Unstim,2
0.0,Unstim,2
0.0,Unstim,2
0.0,Unstim,2
0.0,Unstim,2
0.0,Unstim,2
0.0,Unstim,2
0.0,Unstim,2
0.0,Unstim,2
0.0,Unstim,2
0.0,Unstim,2
0.0,Unstim,2
0.0,Unstim,2
0.0,Unstim,2
0.0,Unstim,2
0.0,Unstim_far,2
0.0,Unstim_far,2
0.0,Unstim_far,2
0.0,Unstim_far,2
0.0,Unstim_far,2
0.0,Unstim_far,2
0.0,Unstim_far,2
0.0,Unstim_far,2
0.0,Unstim_far,2
0.0,Unstim_far,2
0.0,Unstim_far,2
0.0,Unstim_far,2
0.0,Unstim_far,2
0.0,Unstim_far,2
0.0,Unstim_far,2
0.0,Unstim_far,2
0.0,Unstim_far,2
0.0,Unstim_far,2
0.0,Unstim_far,2
0.0,Unstim_far,2
