w_final,activity,frequency
0.027606365258117223,stim,2
0.05128201264241756,stim,2
-0.02247494500936851,stim,2
-0.021457592225257338,stim,2
0.05208655670463401,stim,2
0.11715264071358036,stim,2
0.10860588385124668,stim,2
0.07646658155592137,stim,2
0.07622052119502538,stim,2
0.008056903333178636,stim,2
0.04021674459695209,stim,2
0.13654773096518466,stim,2
0.027936492730820373,stim,2
0.14767437075642428,stim,2
-0.0018073441900583148,stim,2
0.0834967012187132,stim,2
-0.005285057381367452,stim,2
-0.03276004158669548,stim,2
0.06895116077711208,stim,2
0.11632702213756489,stim,2
0.0,Unstim,2
0.0,Unstim,2
0.0,Unstim,2
0.0,Unstim,2
0.0,Unstim,2
0.0,Unstim,2
0.0,Unstim,2
0.0,Unstim,2
0.0,Unstim,2
0.0,Unstim,2
0.0,Unstim,2
0.0,Unstim,2
0.0,Unstim,2
0.0,Unstim,2
0.0,Unstim,2
0.0,Unstim,2
0.0,Unstim,2
0.0,Unstim,2
0.0,Unstim,2
0.0,Unstim,2
0.0,Unstim_far,2
0.0,Unstim_far,2
0.0,Unstim_far,2
0.0,Unstim_far,2
0.0,Unstim_far,2
0.0,Unstim_far,2
0.0,Unstim_far,2
0.0,Unstim_far,2
0.0,Unstim_far,2
0.0,Unstim_far,2
0.0,Unstim_far,2
0.0,Unstim_far,2
0.0,Unstim_far,2
0.0,Unstim_far,2
0.0,Unstim_far,2
0.0,Unstim_far,2
0.0,Unstim_far,2
0.0,Unstim_far,2
0.0,Unstim_far,2
0.0,Unstim_far,2
