w_final,activity,frequency
-0.027303517219625324,stim,2
-0.042499644761778324,stim,2
-0.026579328232066317,stim,2
-0.01666823333102332,stim,2
-0.017168692213291613,stim,2
-0.02366930726561676,stim,2
-0.04683695455902586,stim,2
-0.04115499570679396,stim,2
-0.037283865344647435,stim,2
-0.0008683702600259029,stim,2
-0.011208534865178968,stim,2
0.004786564766555733,stim,2
-0.024807797647772422,stim,2
-0.014920911964396282,stim,2
-0.016709441414366803,stim,2
-0.04603342416516998,stim,2
-0.022997871134266306,stim,2
-0.04440832086670076,stim,2
-0.017353930110841933,stim,2
-0.04346894561530999,stim,2
0.0,Unstim,2
0.0,Unstim,2
0.0,Unstim,2
0.0,Unstim,2
0.0,Unstim,2
0.0,Unstim,2
0.0,Unstim,2
0.0,Unstim,2
0.0,Unstim,2
0.0,Unstim,2
0.0,Unstim,2
0.0,Unstim,2
0.0,Unstim,2
0.0,Unstim,2
0.0,Unstim,2
0.0,Unstim,2
0.0,Unstim,2
0.0,Unstim,2
0.0,Unstim,2
0.0,Unstim,2
0.0,Unstim_far,2
0.0,Unstim_far,2
0.0,Unstim_far,2
0.0,Unstim_far,2
0.0,Unstim_far,2
0.0,Unstim_far,2
0.0,Unstim_far,2
0.0,Unstim_far,2
0.0,Unstim_far,2
0.0,Unstim_far,2
0.0,Unstim_far,2
0.0,Unstim_far,2
0.0,Unstim_far,2
0.0,Unstim_far,2
0.0,Unstim_far,2
0.0,Unstim_far,2
0.0,Unstim_far,2
0.0,Unstim_far,2
0.0,Unstim_far,2
0.0,Unstim_far,2
